file,line,type,commit,author,date,time,timezone,datetime,depth,length
style.css,1,css,2a3196e7,JonathanChau145,2026-04-03,15:15:10,-07:00,2026-04-03T15:15:10-07:00,0,4
style.css,2,css,2a3196e7,JonathanChau145,2026-04-03,15:15:10,-07:00,2026-04-03T15:15:10-07:00,1,23
style.css,3,css,ba7cd573,JonathanChau145,2026-04-10,14:10:26,-07:00,2026-04-10T14:10:26-07:00,1,15
style.css,4,css,ba7cd573,JonathanChau145,2026-04-10,14:10:26,-07:00,2026-04-10T14:10:26-07:00,1,18
style.css,5,css,ba7cd573,JonathanChau145,2026-04-10,14:10:26,-07:00,2026-04-10T14:10:26-07:00,1,12
style.css,6,css,ba7cd573,JonathanChau145,2026-04-10,14:10:26,-07:00,2026-04-10T14:10:26-07:00,0,0
style.css,7,css,ba7cd573,JonathanChau145,2026-04-10,14:10:26,-07:00,2026-04-10T14:10:26-07:00,0,0
style.css,8,css,ba7cd573,JonathanChau145,2026-04-10,14:10:26,-07:00,2026-04-10T14:10:26-07:00,0,4
style.css,9,css,ba7cd573,JonathanChau145,2026-04-10,14:10:26,-07:00,2026-04-10T14:10:26-07:00,1,31
style.css,10,css,ba7cd573,JonathanChau145,2026-04-10,14:10:26,-07:00,2026-04-10T14:10:26-07:00,1,32
style.css,11,css,4ea5ebdb,JonathanChau145,2026-04-17,16:06:06,-07:00,2026-04-17T16:06:06-07:00,1,23
style.css,12,css,ba7cd573,JonathanChau145,2026-04-10,14:10:26,-07:00,2026-04-10T14:10:26-07:00,0,0
style.css,13,css,ba7cd573,JonathanChau145,2026-04-10,14:10:26,-07:00,2026-04-10T14:10:26-07:00,0,0
style.css,14,css,ba7cd573,JonathanChau145,2026-04-10,14:10:26,-07:00,2026-04-10T14:10:26-07:00,0,3
style.css,15,css,ba7cd573,JonathanChau145,2026-04-10,14:10:26,-07:00,2026-04-10T14:10:26-07:00,1,14
style.css,16,css,ba7cd573,JonathanChau145,2026-04-10,14:10:26,-07:00,2026-04-10T14:10:26-07:00,1,11
style.css,17,css,ba7cd573,JonathanChau145,2026-04-10,14:10:26,-07:00,2026-04-10T14:10:26-07:00,0,0
style.css,18,css,ba7cd573,JonathanChau145,2026-04-10,14:10:26,-07:00,2026-04-10T14:10:26-07:00,0,0
style.css,19,css,ba7cd573,JonathanChau145,2026-04-10,14:10:26,-07:00,2026-04-10T14:10:26-07:00,0,3
style.css,20,css,ba7cd573,JonathanChau145,2026-04-10,14:10:26,-07:00,2026-04-10T14:10:26-07:00,1,12
style.css,21,css,ba7cd573,JonathanChau145,2026-04-10,14:10:26,-07:00,2026-04-10T14:10:26-07:00,1,18
style.css,22,css,4ea5ebdb,JonathanChau145,2026-04-17,16:06:06,-07:00,2026-04-17T16:06:06-07:00,1,39
style.css,23,css,4ea5ebdb,JonathanChau145,2026-04-17,16:06:06,-07:00,2026-04-17T16:06:06-07:00,1,43
style.css,24,css,ba7cd573,JonathanChau145,2026-04-10,14:10:26,-07:00,2026-04-10T14:10:26-07:00,0,0
style.css,25,css,ba7cd573,JonathanChau145,2026-04-10,14:10:26,-07:00,2026-04-10T14:10:26-07:00,0,0
style.css,26,css,ba7cd573,JonathanChau145,2026-04-10,14:10:26,-07:00,2026-04-10T14:10:26-07:00,0,5
style.css,27,css,ba7cd573,JonathanChau145,2026-04-10,14:10:26,-07:00,2026-04-10T14:10:26-07:00,1,6
style.css,28,css,ba7cd573,JonathanChau145,2026-04-10,14:10:26,-07:00,2026-04-10T14:10:26-07:00,1,20
style.css,29,css,ba7cd573,JonathanChau145,2026-04-10,14:10:26,-07:00,2026-04-10T14:10:26-07:00,1,13
style.css,30,css,ba7cd573,JonathanChau145,2026-04-10,14:10:26,-07:00,2026-04-10T14:10:26-07:00,1,17
style.css,31,css,ba7cd573,JonathanChau145,2026-04-10,14:10:26,-07:00,2026-04-10T14:10:26-07:00,1,13
style.css,32,css,ba7cd573,JonathanChau145,2026-04-10,14:10:26,-07:00,2026-04-10T14:10:26-07:00,0,0
style.css,33,css,ba7cd573,JonathanChau145,2026-04-10,14:10:26,-07:00,2026-04-10T14:10:26-07:00,0,0
style.css,34,css,ba7cd573,JonathanChau145,2026-04-10,14:10:26,-07:00,2026-04-10T14:10:26-07:00,0,13
style.css,35,css,4ea5ebdb,JonathanChau145,2026-04-17,16:06:06,-07:00,2026-04-17T16:06:06-07:00,1,45
style.css,36,css,ba7cd573,JonathanChau145,2026-04-10,14:10:26,-07:00,2026-04-10T14:10:26-07:00,1,20
style.css,37,css,ba7cd573,JonathanChau145,2026-04-10,14:10:26,-07:00,2026-04-10T14:10:26-07:00,0,0
style.css,38,css,ba7cd573,JonathanChau145,2026-04-10,14:10:26,-07:00,2026-04-10T14:10:26-07:00,0,0
style.css,39,css,ba7cd573,JonathanChau145,2026-04-10,14:10:26,-07:00,2026-04-10T14:10:26-07:00,0,11
style.css,40,css,ba7cd573,JonathanChau145,2026-04-10,14:10:26,-07:00,2026-04-10T14:10:26-07:00,1,45
style.css,41,css,ba7cd573,JonathanChau145,2026-04-10,14:10:26,-07:00,2026-04-10T14:10:26-07:00,1,20
style.css,42,css,4ea5ebdb,JonathanChau145,2026-04-17,16:06:06,-07:00,2026-04-17T16:06:06-07:00,1,69
style.css,43,css,e5866b4b,JonathanChau145,2026-04-10,14:21:42,-07:00,2026-04-10T14:21:42-07:00,0,0
style.css,44,css,e5866b4b,JonathanChau145,2026-04-10,14:21:42,-07:00,2026-04-10T14:21:42-07:00,0,0
style.css,45,css,e5866b4b,JonathanChau145,2026-04-10,14:21:42,-07:00,2026-04-10T14:21:42-07:00,0,4
style.css,46,css,e5866b4b,JonathanChau145,2026-04-10,14:21:42,-07:00,2026-04-10T14:21:42-07:00,0,7
style.css,47,css,4ea5ebdb,JonathanChau145,2026-04-17,16:06:06,-07:00,2026-04-17T16:06:06-07:00,0,5
style.css,48,css,4ea5ebdb,JonathanChau145,2026-04-17,16:06:06,-07:00,2026-04-17T16:06:06-07:00,0,6
style.css,49,css,e5866b4b,JonathanChau145,2026-04-10,14:21:42,-07:00,2026-04-10T14:21:42-07:00,1,12
style.css,50,css,e5866b4b,JonathanChau145,2026-04-10,14:21:42,-07:00,2026-04-10T14:21:42-07:00,0,0
style.css,51,css,e5866b4b,JonathanChau145,2026-04-10,14:21:42,-07:00,2026-04-10T14:21:42-07:00,0,0
style.css,52,css,e5866b4b,JonathanChau145,2026-04-10,14:21:42,-07:00,2026-04-10T14:21:42-07:00,0,4
style.css,53,css,e5866b4b,JonathanChau145,2026-04-10,14:21:42,-07:00,2026-04-10T14:21:42-07:00,1,12
style.css,54,css,e5866b4b,JonathanChau145,2026-04-10,14:21:42,-07:00,2026-04-10T14:21:42-07:00,1,30
style.css,55,css,e5866b4b,JonathanChau145,2026-04-10,14:21:42,-07:00,2026-04-10T14:21:42-07:00,1,7
style.css,56,css,e5866b4b,JonathanChau145,2026-04-10,14:21:42,-07:00,2026-04-10T14:21:42-07:00,0,0
style.css,57,css,e5866b4b,JonathanChau145,2026-04-10,14:21:42,-07:00,2026-04-10T14:21:42-07:00,0,0
style.css,58,css,e5866b4b,JonathanChau145,2026-04-10,14:21:42,-07:00,2026-04-10T14:21:42-07:00,0,10
style.css,59,css,e5866b4b,JonathanChau145,2026-04-10,14:21:42,-07:00,2026-04-10T14:21:42-07:00,1,12
style.css,60,css,e5866b4b,JonathanChau145,2026-04-10,14:21:42,-07:00,2026-04-10T14:21:42-07:00,1,29
style.css,61,css,e5866b4b,JonathanChau145,2026-04-10,14:21:42,-07:00,2026-04-10T14:21:42-07:00,1,18
style.css,62,css,e5866b4b,JonathanChau145,2026-04-10,14:21:42,-07:00,2026-04-10T14:21:42-07:00,0,0
style.css,63,css,e5866b4b,JonathanChau145,2026-04-10,14:21:42,-07:00,2026-04-10T14:21:42-07:00,0,0
style.css,64,css,e5866b4b,JonathanChau145,2026-04-10,14:21:42,-07:00,2026-04-10T14:21:42-07:00,0,11
style.css,65,css,e5866b4b,JonathanChau145,2026-04-10,14:21:42,-07:00,2026-04-10T14:21:42-07:00,1,18
style.css,66,css,e5866b4b,JonathanChau145,2026-04-10,14:21:42,-07:00,2026-04-10T14:21:42-07:00,1,17
style.css,67,css,e5866b4b,JonathanChau145,2026-04-10,14:21:42,-07:00,2026-04-10T14:21:42-07:00,0,0
style.css,68,css,e5866b4b,JonathanChau145,2026-04-10,14:21:42,-07:00,2026-04-10T14:21:42-07:00,0,0
style.css,69,css,e5866b4b,JonathanChau145,2026-04-10,14:21:42,-07:00,2026-04-10T14:21:42-07:00,0,9
style.css,70,css,e5866b4b,JonathanChau145,2026-04-10,14:21:42,-07:00,2026-04-10T14:21:42-07:00,1,12
style.css,71,css,e5866b4b,JonathanChau145,2026-04-10,14:21:42,-07:00,2026-04-10T14:21:42-07:00,1,58
style.css,72,css,e5866b4b,JonathanChau145,2026-04-10,14:21:42,-07:00,2026-04-10T14:21:42-07:00,1,7
style.css,73,css,e5866b4b,JonathanChau145,2026-04-10,14:21:42,-07:00,2026-04-10T14:21:42-07:00,0,0
style.css,74,css,e5866b4b,JonathanChau145,2026-04-10,14:21:42,-07:00,2026-04-10T14:21:42-07:00,0,0
style.css,75,css,efd1051c,JonathanChau145,2026-04-25,13:31:07,-07:00,2026-04-25T13:31:07-07:00,0,0
style.css,76,css,e5866b4b,JonathanChau145,2026-04-10,14:21:42,-07:00,2026-04-10T14:21:42-07:00,0,17
style.css,77,css,e5866b4b,JonathanChau145,2026-04-10,14:21:42,-07:00,2026-04-10T14:21:42-07:00,1,12
style.css,78,css,efd1051c,JonathanChau145,2026-04-25,13:31:07,-07:00,2026-04-25T13:31:07-07:00,1,15
style.css,79,css,e5866b4b,JonathanChau145,2026-04-10,14:21:42,-07:00,2026-04-10T14:21:42-07:00,1,7
style.css,80,css,e5866b4b,JonathanChau145,2026-04-10,14:21:42,-07:00,2026-04-10T14:21:42-07:00,0,0
style.css,81,css,e5866b4b,JonathanChau145,2026-04-10,14:21:42,-07:00,2026-04-10T14:21:42-07:00,0,0
style.css,82,css,4ea5ebdb,JonathanChau145,2026-04-17,16:06:06,-07:00,2026-04-17T16:06:06-07:00,0,12
style.css,83,css,4ea5ebdb,JonathanChau145,2026-04-17,16:06:06,-07:00,2026-04-17T16:06:06-07:00,1,8
style.css,84,css,4ea5ebdb,JonathanChau145,2026-04-17,16:06:06,-07:00,2026-04-17T16:06:06-07:00,0,0
style.css,85,css,4ea5ebdb,JonathanChau145,2026-04-17,16:06:06,-07:00,2026-04-17T16:06:06-07:00,0,0
style.css,86,css,e5866b4b,JonathanChau145,2026-04-10,14:21:42,-07:00,2026-04-10T14:21:42-07:00,0,2
style.css,87,css,e5866b4b,JonathanChau145,2026-04-10,14:21:42,-07:00,2026-04-10T14:21:42-07:00,1,14
style.css,88,css,e5866b4b,JonathanChau145,2026-04-10,14:21:42,-07:00,2026-04-10T14:21:42-07:00,0,0
style.css,89,css,e5866b4b,JonathanChau145,2026-04-10,14:21:42,-07:00,2026-04-10T14:21:42-07:00,0,0
style.css,90,css,e5866b4b,JonathanChau145,2026-04-10,14:21:42,-07:00,2026-04-10T14:21:42-07:00,0,1
style.css,91,css,e5866b4b,JonathanChau145,2026-04-10,14:21:42,-07:00,2026-04-10T14:21:42-07:00,0,1
style.css,92,css,e5866b4b,JonathanChau145,2026-04-10,14:21:42,-07:00,2026-04-10T14:21:42-07:00,0,1
style.css,93,css,e5866b4b,JonathanChau145,2026-04-10,14:21:42,-07:00,2026-04-10T14:21:42-07:00,0,1
style.css,94,css,e5866b4b,JonathanChau145,2026-04-10,14:21:42,-07:00,2026-04-10T14:21:42-07:00,0,1
style.css,95,css,e5866b4b,JonathanChau145,2026-04-10,14:21:42,-07:00,2026-04-10T14:21:42-07:00,0,2
style.css,96,css,e5866b4b,JonathanChau145,2026-04-10,14:21:42,-07:00,2026-04-10T14:21:42-07:00,1,15
style.css,97,css,e5866b4b,JonathanChau145,2026-04-10,14:21:42,-07:00,2026-04-10T14:21:42-07:00,1,17
style.css,98,css,e5866b4b,JonathanChau145,2026-04-10,14:21:42,-07:00,2026-04-10T14:21:42-07:00,0,0
style.css,99,css,e5866b4b,JonathanChau145,2026-04-10,14:21:42,-07:00,2026-04-10T14:21:42-07:00,0,0
style.css,100,css,e5866b4b,JonathanChau145,2026-04-10,14:21:42,-07:00,2026-04-10T14:21:42-07:00,0,6
style.css,101,css,e5866b4b,JonathanChau145,2026-04-10,14:21:42,-07:00,2026-04-10T14:21:42-07:00,1,34
style.css,102,css,e5866b4b,JonathanChau145,2026-04-10,14:21:42,-07:00,2026-04-10T14:21:42-07:00,1,17
style.css,103,css,4ea5ebdb,JonathanChau145,2026-04-17,16:06:06,-07:00,2026-04-17T16:06:06-07:00,0,0
style.css,104,css,4ea5ebdb,JonathanChau145,2026-04-17,16:06:06,-07:00,2026-04-17T16:06:06-07:00,0,0
style.css,105,css,4ea5ebdb,JonathanChau145,2026-04-17,16:06:06,-07:00,2026-04-17T16:06:06-07:00,0,13
style.css,106,css,4ea5ebdb,JonathanChau145,2026-04-17,16:06:06,-07:00,2026-04-17T16:06:06-07:00,1,17
style.css,107,css,4ea5ebdb,JonathanChau145,2026-04-17,16:06:06,-07:00,2026-04-17T16:06:06-07:00,1,8
style.css,108,css,4ea5ebdb,JonathanChau145,2026-04-17,16:06:06,-07:00,2026-04-17T16:06:06-07:00,1,10
style.css,109,css,4ea5ebdb,JonathanChau145,2026-04-17,16:06:06,-07:00,2026-04-17T16:06:06-07:00,1,13
style.css,110,css,4ea5ebdb,JonathanChau145,2026-04-17,16:06:06,-07:00,2026-04-17T16:06:06-07:00,0,0
style.css,111,css,4ea5ebdb,JonathanChau145,2026-04-17,16:06:06,-07:00,2026-04-17T16:06:06-07:00,0,0
style.css,112,css,4ea5ebdb,JonathanChau145,2026-04-17,16:06:06,-07:00,2026-04-17T16:06:06-07:00,0,4
style.css,113,css,4ea5ebdb,JonathanChau145,2026-04-17,16:06:06,-07:00,2026-04-17T16:06:06-07:00,1,31
style.css,114,css,4ea5ebdb,JonathanChau145,2026-04-17,16:06:06,-07:00,2026-04-17T16:06:06-07:00,1,32
style.css,115,css,4ea5ebdb,JonathanChau145,2026-04-17,16:06:06,-07:00,2026-04-17T16:06:06-07:00,1,23
style.css,116,css,80864dc2,JonathanChau145,2026-04-24,10:52:26,-07:00,2026-04-24T10:52:26-07:00,0,0
style.css,117,css,80864dc2,JonathanChau145,2026-04-24,10:52:26,-07:00,2026-04-24T10:52:26-07:00,0,0
style.css,118,css,80864dc2,JonathanChau145,2026-04-24,10:52:26,-07:00,2026-04-24T10:52:26-07:00,0,17
style.css,119,css,80864dc2,JonathanChau145,2026-04-24,10:52:26,-07:00,2026-04-24T10:52:26-07:00,1,12
style.css,120,css,80864dc2,JonathanChau145,2026-04-24,10:52:26,-07:00,2026-04-24T10:52:26-07:00,1,36
style.css,121,css,80864dc2,JonathanChau145,2026-04-24,10:52:26,-07:00,2026-04-24T10:52:26-07:00,1,17
style.css,122,css,80864dc2,JonathanChau145,2026-04-24,10:52:26,-07:00,2026-04-24T10:52:26-07:00,1,8
style.css,123,css,80864dc2,JonathanChau145,2026-04-24,10:52:26,-07:00,2026-04-24T10:52:26-07:00,0,0
style.css,124,css,80864dc2,JonathanChau145,2026-04-24,10:52:26,-07:00,2026-04-24T10:52:26-07:00,0,0
style.css,125,css,80864dc2,JonathanChau145,2026-04-24,10:52:26,-07:00,2026-04-24T10:52:26-07:00,0,17
style.css,126,css,80864dc2,JonathanChau145,2026-04-24,10:52:26,-07:00,2026-04-24T10:52:26-07:00,1,10
style.css,127,css,80864dc2,JonathanChau145,2026-04-24,10:52:26,-07:00,2026-04-24T10:52:26-07:00,1,16
style.css,128,css,80864dc2,JonathanChau145,2026-04-24,10:52:26,-07:00,2026-04-24T10:52:26-07:00,0,0
style.css,129,css,80864dc2,JonathanChau145,2026-04-24,10:52:26,-07:00,2026-04-24T10:52:26-07:00,0,0
style.css,130,css,80864dc2,JonathanChau145,2026-04-24,10:52:26,-07:00,2026-04-24T10:52:26-07:00,0,17
style.css,131,css,80864dc2,JonathanChau145,2026-04-24,10:52:26,-07:00,2026-04-24T10:52:26-07:00,1,10
style.css,132,css,80864dc2,JonathanChau145,2026-04-24,10:52:26,-07:00,2026-04-24T10:52:26-07:00,1,8
style.css,133,css,de820a78,JonathanChau145,2026-04-30,21:14:29,-07:00,2026-04-30T21:14:29-07:00,0,0
style.css,134,css,de820a78,JonathanChau145,2026-04-30,21:14:29,-07:00,2026-04-30T21:14:29-07:00,0,0
style.css,135,css,de820a78,JonathanChau145,2026-04-30,21:14:29,-07:00,2026-04-30T21:14:29-07:00,0,18
style.css,136,css,de820a78,JonathanChau145,2026-04-30,21:14:29,-07:00,2026-04-30T21:14:29-07:00,1,14
style.css,137,css,de820a78,JonathanChau145,2026-04-30,21:14:29,-07:00,2026-04-30T21:14:29-07:00,1,16
style.css,138,css,de820a78,JonathanChau145,2026-04-30,21:14:29,-07:00,2026-04-30T21:14:29-07:00,1,16
style.css,139,css,de820a78,JonathanChau145,2026-04-30,21:14:29,-07:00,2026-04-30T21:14:29-07:00,0,0
style.css,140,css,de820a78,JonathanChau145,2026-04-30,21:14:29,-07:00,2026-04-30T21:14:29-07:00,0,0
style.css,141,css,de820a78,JonathanChau145,2026-04-30,21:14:29,-07:00,2026-04-30T21:14:29-07:00,0,10
style.css,142,css,de820a78,JonathanChau145,2026-04-30,21:14:29,-07:00,2026-04-30T21:14:29-07:00,1,12
style.css,143,css,de820a78,JonathanChau145,2026-04-30,21:14:29,-07:00,2026-04-30T21:14:29-07:00,1,18
style.css,144,css,de820a78,JonathanChau145,2026-04-30,21:14:29,-07:00,2026-04-30T21:14:29-07:00,1,7
style.css,145,css,de820a78,JonathanChau145,2026-04-30,21:14:29,-07:00,2026-04-30T21:14:29-07:00,1,14
style.css,146,css,de820a78,JonathanChau145,2026-04-30,21:14:29,-07:00,2026-04-30T21:14:29-07:00,1,16
style.css,147,css,de820a78,JonathanChau145,2026-04-30,21:14:29,-07:00,2026-04-30T21:14:29-07:00,0,0
style.css,148,css,de820a78,JonathanChau145,2026-04-30,21:14:29,-07:00,2026-04-30T21:14:29-07:00,0,0
style.css,149,css,de820a78,JonathanChau145,2026-04-30,21:14:29,-07:00,2026-04-30T21:14:29-07:00,0,7
style.css,150,css,de820a78,JonathanChau145,2026-04-30,21:14:29,-07:00,2026-04-30T21:14:29-07:00,1,6
style.css,151,css,de820a78,JonathanChau145,2026-04-30,21:14:29,-07:00,2026-04-30T21:14:29-07:00,1,12
style.css,152,css,de820a78,JonathanChau145,2026-04-30,21:14:29,-07:00,2026-04-30T21:14:29-07:00,1,57
style.css,153,css,de820a78,JonathanChau145,2026-04-30,21:14:29,-07:00,2026-04-30T21:14:29-07:00,1,7
style.css,154,css,de820a78,JonathanChau145,2026-04-30,21:14:29,-07:00,2026-04-30T21:14:29-07:00,1,11
style.css,155,css,de820a78,JonathanChau145,2026-04-30,21:14:29,-07:00,2026-04-30T21:14:29-07:00,1,12
style.css,156,css,de820a78,JonathanChau145,2026-04-30,21:14:29,-07:00,2026-04-30T21:14:29-07:00,1,34
style.css,157,css,de820a78,JonathanChau145,2026-04-30,21:14:29,-07:00,2026-04-30T21:14:29-07:00,1,19
style.css,158,css,de820a78,JonathanChau145,2026-04-30,21:14:29,-07:00,2026-04-30T21:14:29-07:00,1,15
style.css,159,css,de820a78,JonathanChau145,2026-04-30,21:14:29,-07:00,2026-04-30T21:14:29-07:00,0,0
style.css,160,css,de820a78,JonathanChau145,2026-04-30,21:14:29,-07:00,2026-04-30T21:14:29-07:00,0,0
style.css,161,css,de820a78,JonathanChau145,2026-04-30,21:14:29,-07:00,2026-04-30T21:14:29-07:00,0,12
style.css,162,css,de820a78,JonathanChau145,2026-04-30,21:14:29,-07:00,2026-04-30T21:14:29-07:00,1,12
style.css,163,css,de820a78,JonathanChau145,2026-04-30,21:14:29,-07:00,2026-04-30T21:14:29-07:00,1,18
style.css,164,css,de820a78,JonathanChau145,2026-04-30,21:14:29,-07:00,2026-04-30T21:14:29-07:00,1,9
style.css,165,css,de820a78,JonathanChau145,2026-04-30,21:14:29,-07:00,2026-04-30T21:14:29-07:00,1,14
style.css,166,css,de820a78,JonathanChau145,2026-04-30,21:14:29,-07:00,2026-04-30T21:14:29-07:00,0,0
style.css,167,css,de820a78,JonathanChau145,2026-04-30,21:14:29,-07:00,2026-04-30T21:14:29-07:00,0,0
style.css,168,css,de820a78,JonathanChau145,2026-04-30,21:14:29,-07:00,2026-04-30T21:14:29-07:00,0,7
style.css,169,css,de820a78,JonathanChau145,2026-04-30,21:14:29,-07:00,2026-04-30T21:14:29-07:00,1,20
style.css,170,css,de820a78,JonathanChau145,2026-04-30,21:14:29,-07:00,2026-04-30T21:14:29-07:00,1,9
style.css,171,css,de820a78,JonathanChau145,2026-04-30,21:14:29,-07:00,2026-04-30T21:14:29-07:00,1,18
style.css,172,css,de820a78,JonathanChau145,2026-04-30,21:14:29,-07:00,2026-04-30T21:14:29-07:00,1,23
style.css,173,css,de820a78,JonathanChau145,2026-04-30,21:14:29,-07:00,2026-04-30T21:14:29-07:00,1,19
style.css,174,css,de820a78,JonathanChau145,2026-04-30,21:14:29,-07:00,2026-04-30T21:14:29-07:00,0,0
style.css,175,css,de820a78,JonathanChau145,2026-04-30,21:14:29,-07:00,2026-04-30T21:14:29-07:00,0,0
style.css,176,css,de820a78,JonathanChau145,2026-04-30,21:14:29,-07:00,2026-04-30T21:14:29-07:00,0,10
style.css,177,css,de820a78,JonathanChau145,2026-04-30,21:14:29,-07:00,2026-04-30T21:14:29-07:00,1,10
style.css,178,css,de820a78,JonathanChau145,2026-04-30,21:14:29,-07:00,2026-04-30T21:14:29-07:00,1,14
style.css,179,css,de820a78,JonathanChau145,2026-04-30,21:14:29,-07:00,2026-04-30T21:14:29-07:00,1,20
style.css,180,css,de820a78,JonathanChau145,2026-04-30,21:14:29,-07:00,2026-04-30T21:14:29-07:00,1,34
style.css,181,css,de820a78,JonathanChau145,2026-04-30,21:14:29,-07:00,2026-04-30T21:14:29-07:00,1,19
style.css,182,css,de820a78,JonathanChau145,2026-04-30,21:14:29,-07:00,2026-04-30T21:14:29-07:00,0,0
style.css,183,css,de820a78,JonathanChau145,2026-04-30,21:14:29,-07:00,2026-04-30T21:14:29-07:00,0,0
style.css,184,css,de820a78,JonathanChau145,2026-04-30,21:14:29,-07:00,2026-04-30T21:14:29-07:00,0,23
style.css,185,css,de820a78,JonathanChau145,2026-04-30,21:14:29,-07:00,2026-04-30T21:14:29-07:00,1,14
style.css,186,css,de820a78,JonathanChau145,2026-04-30,21:14:29,-07:00,2026-04-30T21:14:29-07:00,1,16
style.css,187,css,de820a78,JonathanChau145,2026-04-30,21:14:29,-07:00,2026-04-30T21:14:29-07:00,0,0
style.css,188,css,de820a78,JonathanChau145,2026-04-30,21:14:29,-07:00,2026-04-30T21:14:29-07:00,0,0
style.css,189,css,de820a78,JonathanChau145,2026-04-30,21:14:29,-07:00,2026-04-30T21:14:29-07:00,0,51
style.css,190,css,de820a78,JonathanChau145,2026-04-30,21:14:29,-07:00,2026-04-30T21:14:29-07:00,1,11
style.css,191,css,de820a78,JonathanChau145,2026-04-30,21:14:29,-07:00,2026-04-30T21:14:29-07:00,0,0
style.css,192,css,de820a78,JonathanChau145,2026-04-30,21:14:29,-07:00,2026-04-30T21:14:29-07:00,0,0
style.css,193,css,de820a78,JonathanChau145,2026-04-30,21:14:29,-07:00,2026-04-30T21:14:29-07:00,0,9
style.css,194,css,de820a78,JonathanChau145,2026-04-30,21:14:29,-07:00,2026-04-30T21:14:29-07:00,1,35
style.css,195,css,de820a78,JonathanChau145,2026-04-30,21:14:29,-07:00,2026-04-30T21:14:29-07:00,0,0
style.css,196,css,de820a78,JonathanChau145,2026-04-30,21:14:29,-07:00,2026-04-30T21:14:29-07:00,0,0
style.css,197,css,de820a78,JonathanChau145,2026-04-30,21:14:29,-07:00,2026-04-30T21:14:29-07:00,0,18
style.css,198,css,de820a78,JonathanChau145,2026-04-30,21:14:29,-07:00,2026-04-30T21:14:29-07:00,1,17
style.css,199,css,de820a78,JonathanChau145,2026-04-30,21:14:29,-07:00,2026-04-30T21:14:29-07:00,0,0
style.css,200,css,de820a78,JonathanChau145,2026-04-30,21:14:29,-07:00,2026-04-30T21:14:29-07:00,0,0
style.css,201,css,de820a78,JonathanChau145,2026-04-30,21:14:29,-07:00,2026-04-30T21:14:29-07:00,0,29
style.css,202,css,de820a78,JonathanChau145,2026-04-30,21:14:29,-07:00,2026-04-30T21:14:29-07:00,1,23
style.css,203,css,de820a78,JonathanChau145,2026-04-30,21:14:29,-07:00,2026-04-30T21:14:29-07:00,0,0
style.css,204,css,de820a78,JonathanChau145,2026-04-30,21:14:29,-07:00,2026-04-30T21:14:29-07:00,0,0
style.css,205,css,de820a78,JonathanChau145,2026-04-30,21:14:29,-07:00,2026-04-30T21:14:29-07:00,0,30
style.css,206,css,de820a78,JonathanChau145,2026-04-30,21:14:29,-07:00,2026-04-30T21:14:29-07:00,1,10
style.css,207,css,de820a78,JonathanChau145,2026-04-30,21:14:29,-07:00,2026-04-30T21:14:29-07:00,1,30
style.css,208,css,de820a78,JonathanChau145,2026-04-30,21:14:29,-07:00,2026-04-30T21:14:29-07:00,1,34
style.css,209,css,00000000,Not Committed Yet,2026-05-08,10:47:04,-07:00,2026-05-08T10:47:04-07:00,0,0
style.css,210,css,00000000,Not Committed Yet,2026-05-08,10:47:04,-07:00,2026-05-08T10:47:04-07:00,0,0
style.css,211,css,00000000,Not Committed Yet,2026-05-08,10:47:04,-07:00,2026-05-08T10:47:04-07:00,0,6
style.css,212,css,00000000,Not Committed Yet,2026-05-08,10:47:04,-07:00,2026-05-08T10:47:04-07:00,1,12
style.css,213,css,00000000,Not Committed Yet,2026-05-08,10:47:04,-07:00,2026-05-08T10:47:04-07:00,1,56
style.css,214,css,00000000,Not Committed Yet,2026-05-08,10:47:04,-07:00,2026-05-08T10:47:04-07:00,1,7
style.css,215,css,00000000,Not Committed Yet,2026-05-08,10:47:04,-07:00,2026-05-08T10:47:04-07:00,1,16
style.css,216,css,00000000,Not Committed Yet,2026-05-08,10:47:04,-07:00,2026-05-08T10:47:04-07:00,0,0
style.css,217,css,00000000,Not Committed Yet,2026-05-08,10:47:04,-07:00,2026-05-08T10:47:04-07:00,0,0
style.css,218,css,00000000,Not Committed Yet,2026-05-08,10:47:04,-07:00,2026-05-08T10:47:04-07:00,0,9
style.css,219,css,00000000,Not Committed Yet,2026-05-08,10:47:04,-07:00,2026-05-08T10:47:04-07:00,1,16
style.css,220,css,00000000,Not Committed Yet,2026-05-08,10:47:04,-07:00,2026-05-08T10:47:04-07:00,1,10
style.css,221,css,00000000,Not Committed Yet,2026-05-08,10:47:04,-07:00,2026-05-08T10:47:04-07:00,0,0
style.css,222,css,00000000,Not Committed Yet,2026-05-08,10:47:04,-07:00,2026-05-08T10:47:04-07:00,0,0
style.css,223,css,00000000,Not Committed Yet,2026-05-08,10:47:04,-07:00,2026-05-08T10:47:04-07:00,0,9
style.css,224,css,00000000,Not Committed Yet,2026-05-08,10:47:04,-07:00,2026-05-08T10:47:04-07:00,1,8
style.css,225,css,00000000,Not Committed Yet,2026-05-08,10:47:04,-07:00,2026-05-08T10:47:04-07:00,1,15
style.css,226,css,00000000,Not Committed Yet,2026-05-08,10:47:04,-07:00,2026-05-08T10:47:04-07:00,0,0
style.css,227,css,00000000,Not Committed Yet,2026-05-08,10:47:04,-07:00,2026-05-08T10:47:04-07:00,0,0
style.css,228,css,00000000,Not Committed Yet,2026-05-08,10:47:04,-07:00,2026-05-08T10:47:04-07:00,0,15
style.css,229,css,00000000,Not Committed Yet,2026-05-08,10:47:04,-07:00,2026-05-08T10:47:04-07:00,1,50
style.css,230,css,00000000,Not Committed Yet,2026-05-08,10:47:04,-07:00,2026-05-08T10:47:04-07:00,0,0
style.css,231,css,00000000,Not Committed Yet,2026-05-08,10:47:04,-07:00,2026-05-08T10:47:04-07:00,0,0
style.css,232,css,00000000,Not Committed Yet,2026-05-08,10:47:04,-07:00,2026-05-08T10:47:04-07:00,0,15
style.css,233,css,00000000,Not Committed Yet,2026-05-08,10:47:04,-07:00,2026-05-08T10:47:04-07:00,1,12
style.css,234,css,00000000,Not Committed Yet,2026-05-08,10:47:04,-07:00,2026-05-08T10:47:04-07:00,0,0
style.css,235,css,00000000,Not Committed Yet,2026-05-08,10:47:04,-07:00,2026-05-08T10:47:04-07:00,0,0
style.css,236,css,00000000,Not Committed Yet,2026-05-08,10:47:04,-07:00,2026-05-08T10:47:04-07:00,0,6
style.css,237,css,00000000,Not Committed Yet,2026-05-08,10:47:04,-07:00,2026-05-08T10:47:04-07:00,1,16
style.css,238,css,00000000,Not Committed Yet,2026-05-08,10:47:04,-07:00,2026-05-08T10:47:04-07:00,1,23
style.css,239,css,00000000,Not Committed Yet,2026-05-08,10:47:04,-07:00,2026-05-08T10:47:04-07:00,1,22
style.css,240,css,00000000,Not Committed Yet,2026-05-08,10:47:04,-07:00,2026-05-08T10:47:04-07:00,0,0
style.css,241,css,00000000,Not Committed Yet,2026-05-08,10:47:04,-07:00,2026-05-08T10:47:04-07:00,0,0
style.css,242,css,00000000,Not Committed Yet,2026-05-08,10:47:04,-07:00,2026-05-08T10:47:04-07:00,0,12
style.css,243,css,00000000,Not Committed Yet,2026-05-08,10:47:04,-07:00,2026-05-08T10:47:04-07:00,1,20
style.css,244,css,00000000,Not Committed Yet,2026-05-08,10:47:04,-07:00,2026-05-08T10:47:04-07:00,0,0
style.css,245,css,00000000,Not Committed Yet,2026-05-08,10:47:04,-07:00,2026-05-08T10:47:04-07:00,0,0
style.css,246,css,00000000,Not Committed Yet,2026-05-08,10:47:04,-07:00,2026-05-08T10:47:04-07:00,0,15
style.css,247,css,00000000,Not Committed Yet,2026-05-08,10:47:04,-07:00,2026-05-08T10:47:04-07:00,1,12
style.css,248,css,00000000,Not Committed Yet,2026-05-08,10:47:04,-07:00,2026-05-08T10:47:04-07:00,0,0
style.css,249,css,00000000,Not Committed Yet,2026-05-08,10:47:04,-07:00,2026-05-08T10:47:04-07:00,0,0
style.css,250,css,00000000,Not Committed Yet,2026-05-08,10:47:04,-07:00,2026-05-08T10:47:04-07:00,0,5
style.css,251,css,00000000,Not Committed Yet,2026-05-08,10:47:04,-07:00,2026-05-08T10:47:04-07:00,1,12
style.css,252,css,00000000,Not Committed Yet,2026-05-08,10:47:04,-07:00,2026-05-08T10:47:04-07:00,1,30
style.css,253,css,00000000,Not Committed Yet,2026-05-08,10:47:04,-07:00,2026-05-08T10:47:04-07:00,1,14
style.css,254,css,00000000,Not Committed Yet,2026-05-08,10:47:04,-07:00,2026-05-08T10:47:04-07:00,1,25
style.css,255,css,00000000,Not Committed Yet,2026-05-08,10:47:04,-07:00,2026-05-08T10:47:04-07:00,1,39
style.css,256,css,00000000,Not Committed Yet,2026-05-08,10:47:04,-07:00,2026-05-08T10:47:04-07:00,0,0
style.css,257,css,00000000,Not Committed Yet,2026-05-08,10:47:04,-07:00,2026-05-08T10:47:04-07:00,0,0
style.css,258,css,00000000,Not Committed Yet,2026-05-08,10:47:04,-07:00,2026-05-08T10:47:04-07:00,0,8
style.css,259,css,00000000,Not Committed Yet,2026-05-08,10:47:04,-07:00,2026-05-08T10:47:04-07:00,1,10
style.css,260,css,00000000,Not Committed Yet,2026-05-08,10:47:04,-07:00,2026-05-08T10:47:04-07:00,1,16
style.css,261,css,00000000,Not Committed Yet,2026-05-08,10:47:04,-07:00,2026-05-08T10:47:04-07:00,0,0
style.css,262,css,00000000,Not Committed Yet,2026-05-08,10:47:04,-07:00,2026-05-08T10:47:04-07:00,0,0
style.css,263,css,00000000,Not Committed Yet,2026-05-08,10:47:04,-07:00,2026-05-08T10:47:04-07:00,0,8
style.css,264,css,00000000,Not Committed Yet,2026-05-08,10:47:04,-07:00,2026-05-08T10:47:04-07:00,1,8
style.css,265,css,00000000,Not Committed Yet,2026-05-08,10:47:04,-07:00,2026-05-08T10:47:04-07:00,0,0
style.css,266,css,00000000,Not Committed Yet,2026-05-08,10:47:04,-07:00,2026-05-08T10:47:04-07:00,0,0
style.css,267,css,00000000,Not Committed Yet,2026-05-08,10:47:04,-07:00,2026-05-08T10:47:04-07:00,0,8
style.css,268,css,00000000,Not Committed Yet,2026-05-08,10:47:04,-07:00,2026-05-08T10:47:04-07:00,1,14
style.css,269,css,00000000,Not Committed Yet,2026-05-08,10:47:04,-07:00,2026-05-08T10:47:04-07:00,1,53
style.css,270,css,00000000,Not Committed Yet,2026-05-08,10:47:04,-07:00,2026-05-08T10:47:04-07:00,1,60
style.css,271,css,00000000,Not Committed Yet,2026-05-08,10:47:04,-07:00,2026-05-08T10:47:04-07:00,1,19
style.css,272,css,00000000,Not Committed Yet,2026-05-08,10:47:04,-07:00,2026-05-08T10:47:04-07:00,1,40
style.css,273,css,00000000,Not Committed Yet,2026-05-08,10:47:04,-07:00,2026-05-08T10:47:04-07:00,1,11
style.css,274,css,00000000,Not Committed Yet,2026-05-08,10:47:04,-07:00,2026-05-08T10:47:04-07:00,1,19
style.css,275,css,00000000,Not Committed Yet,2026-05-08,10:47:04,-07:00,2026-05-08T10:47:04-07:00,1,12
style.css,276,css,00000000,Not Committed Yet,2026-05-08,10:47:04,-07:00,2026-05-08T10:47:04-07:00,0,0
style.css,277,css,00000000,Not Committed Yet,2026-05-08,10:47:04,-07:00,2026-05-08T10:47:04-07:00,0,0
style.css,278,css,00000000,Not Committed Yet,2026-05-08,10:47:04,-07:00,2026-05-08T10:47:04-07:00,0,40
style.css,279,css,00000000,Not Committed Yet,2026-05-08,10:47:04,-07:00,2026-05-08T10:47:04-07:00,1,9
style.css,280,css,00000000,Not Committed Yet,2026-05-08,10:47:04,-07:00,2026-05-08T10:47:04-07:00,1,17
style.css,281,css,00000000,Not Committed Yet,2026-05-08,10:47:04,-07:00,2026-05-08T10:47:04-07:00,0,0
style.css,282,css,00000000,Not Committed Yet,2026-05-08,10:47:04,-07:00,2026-05-08T10:47:04-07:00,0,0
style.css,283,css,00000000,Not Committed Yet,2026-05-08,10:47:04,-07:00,2026-05-08T10:47:04-07:00,0,24
style.css,284,css,00000000,Not Committed Yet,2026-05-08,10:47:04,-07:00,2026-05-08T10:47:04-07:00,1,2
style.css,285,css,00000000,Not Committed Yet,2026-05-08,10:47:04,-07:00,2026-05-08T10:47:04-07:00,2,20
style.css,286,css,00000000,Not Committed Yet,2026-05-08,10:47:04,-07:00,2026-05-08T10:47:04-07:00,1,0
style.css,287,css,00000000,Not Committed Yet,2026-05-08,10:47:04,-07:00,2026-05-08T10:47:04-07:00,0,0
style.css,288,css,00000000,Not Committed Yet,2026-05-08,10:47:04,-07:00,2026-05-08T10:47:04-07:00,0,0
style.css,289,css,00000000,Not Committed Yet,2026-05-08,10:47:04,-07:00,2026-05-08T10:47:04-07:00,0,10
style.css,290,css,00000000,Not Committed Yet,2026-05-08,10:47:04,-07:00,2026-05-08T10:47:04-07:00,1,16
style.css,291,css,00000000,Not Committed Yet,2026-05-08,10:47:04,-07:00,2026-05-08T10:47:04-07:00,1,12
style.css,292,css,00000000,Not Committed Yet,2026-05-08,10:47:04,-07:00,2026-05-08T10:47:04-07:00,1,18
style.css,293,css,00000000,Not Committed Yet,2026-05-08,10:47:04,-07:00,2026-05-08T10:47:04-07:00,1,20
style.css,294,css,00000000,Not Committed Yet,2026-05-08,10:47:04,-07:00,2026-05-08T10:47:04-07:00,1,42
style.css,295,css,2a3196e7,JonathanChau145,2026-04-03,15:15:10,-07:00,2026-04-03T15:15:10-07:00,0,0
index.js,1,js,80864dc2,JonathanChau145,2026-04-24,10:52:26,-07:00,2026-04-24T10:52:26-07:00,0,71
index.js,2,js,80864dc2,JonathanChau145,2026-04-24,10:52:26,-07:00,2026-04-24T10:52:26-07:00,0,0
index.js,3,js,80864dc2,JonathanChau145,2026-04-24,10:52:26,-07:00,2026-04-24T10:52:26-07:00,0,54
index.js,4,js,80864dc2,JonathanChau145,2026-04-24,10:52:26,-07:00,2026-04-24T10:52:26-07:00,0,42
index.js,5,js,80864dc2,JonathanChau145,2026-04-24,10:52:26,-07:00,2026-04-24T10:52:26-07:00,0,0
index.js,6,js,80864dc2,JonathanChau145,2026-04-24,10:52:26,-07:00,2026-04-24T10:52:26-07:00,0,60
index.js,7,js,80864dc2,JonathanChau145,2026-04-24,10:52:26,-07:00,2026-04-24T10:52:26-07:00,0,54
index.js,8,js,80864dc2,JonathanChau145,2026-04-24,10:52:26,-07:00,2026-04-24T10:52:26-07:00,0,0
index.js,9,js,80864dc2,JonathanChau145,2026-04-24,10:52:26,-07:00,2026-04-24T10:52:26-07:00,0,55
index.js,10,js,80864dc2,JonathanChau145,2026-04-24,10:52:26,-07:00,2026-04-24T10:52:26-07:00,0,0
index.js,11,js,80864dc2,JonathanChau145,2026-04-24,10:52:26,-07:00,2026-04-24T10:52:26-07:00,0,60
index.js,12,js,80864dc2,JonathanChau145,2026-04-24,10:52:26,-07:00,2026-04-24T10:52:26-07:00,0,0
index.js,13,js,80864dc2,JonathanChau145,2026-04-24,10:52:26,-07:00,2026-04-24T10:52:26-07:00,0,17
index.js,14,js,80864dc2,JonathanChau145,2026-04-24,10:52:26,-07:00,2026-04-24T10:52:26-07:00,1,24
index.js,15,js,80864dc2,JonathanChau145,2026-04-24,10:52:26,-07:00,2026-04-24T10:52:26-07:00,2,2
index.js,16,js,80864dc2,JonathanChau145,2026-04-24,10:52:26,-07:00,2026-04-24T10:52:26-07:00,3,55
index.js,17,js,80864dc2,JonathanChau145,2026-04-24,10:52:26,-07:00,2026-04-24T10:52:26-07:00,3,55
index.js,18,js,80864dc2,JonathanChau145,2026-04-24,10:52:26,-07:00,2026-04-24T10:52:26-07:00,3,49
index.js,19,js,80864dc2,JonathanChau145,2026-04-24,10:52:26,-07:00,2026-04-24T10:52:26-07:00,3,49
index.js,20,js,80864dc2,JonathanChau145,2026-04-24,10:52:26,-07:00,2026-04-24T10:52:26-07:00,2,3
index.js,21,js,80864dc2,JonathanChau145,2026-04-24,10:52:26,-07:00,2026-04-24T10:52:26-07:00,1,0
index.js,22,js,80864dc2,JonathanChau145,2026-04-24,10:52:26,-07:00,2026-04-24T10:52:26-07:00,0,0
index.html,1,html,38ad9535,JonathanChau145,2026-04-03,12:21:27,-07:00,2026-04-03T12:21:27-07:00,0,13
index.html,2,html,38ad9535,JonathanChau145,2026-04-03,12:21:27,-07:00,2026-04-03T12:21:27-07:00,0,14
index.html,3,html,38ad9535,JonathanChau145,2026-04-03,12:21:27,-07:00,2026-04-03T12:21:27-07:00,0,4
index.html,4,html,38ad9535,JonathanChau145,2026-04-03,12:21:27,-07:00,2026-04-03T12:21:27-07:00,2,20
index.html,5,html,38ad9535,JonathanChau145,2026-04-03,12:21:27,-07:00,2026-04-03T12:21:27-07:00,2,68
index.html,6,html,38ad9535,JonathanChau145,2026-04-03,12:21:27,-07:00,2026-04-03T12:21:27-07:00,2,55
index.html,7,html,6b8ba16a,JonathanChau145,2026-04-25,13:00:29,-07:00,2026-04-25T13:00:29-07:00,2,38
index.html,8,html,6b8ba16a,JonathanChau145,2026-04-25,13:00:29,-07:00,2026-04-25T13:00:29-07:00,2,45
index.html,9,html,6b8ba16a,JonathanChau145,2026-04-25,13:00:29,-07:00,2026-04-25T13:00:29-07:00,2,44
index.html,10,html,4658ce15,JonathanChau145,2026-04-03,15:46:32,-07:00,2026-04-03T15:46:32-07:00,0,5
index.html,11,html,4658ce15,JonathanChau145,2026-04-03,15:46:32,-07:00,2026-04-03T15:46:32-07:00,0,0
index.html,12,html,4658ce15,JonathanChau145,2026-04-03,15:46:32,-07:00,2026-04-03T15:46:32-07:00,0,4
index.html,13,html,38ad9535,JonathanChau145,2026-04-03,12:21:27,-07:00,2026-04-03T12:21:27-07:00,2,20
index.html,14,html,a74c4c37,JonathanChau145,2026-04-03,14:43:27,-07:00,2026-04-03T14:43:27-07:00,2,120
index.html,15,html,2a3196e7,JonathanChau145,2026-04-03,15:15:10,-07:00,2026-04-03T15:15:10-07:00,2,55
index.html,16,html,6b8ba16a,JonathanChau145,2026-04-25,13:00:29,-07:00,2026-04-25T13:00:29-07:00,0,0
index.html,17,html,6b8ba16a,JonathanChau145,2026-04-25,13:00:29,-07:00,2026-04-25T13:00:29-07:00,2,22
index.html,18,html,6b8ba16a,JonathanChau145,2026-04-25,13:00:29,-07:00,2026-04-25T13:00:29-07:00,2,26
index.html,19,html,6b8ba16a,JonathanChau145,2026-04-25,13:00:29,-07:00,2026-04-25T13:00:29-07:00,0,0
index.html,20,html,6b8ba16a,JonathanChau145,2026-04-25,13:00:29,-07:00,2026-04-25T13:00:29-07:00,2,19
index.html,21,html,6b8ba16a,JonathanChau145,2026-04-25,13:00:29,-07:00,2026-04-25T13:00:29-07:00,2,28
index.html,22,html,6b8ba16a,JonathanChau145,2026-04-25,13:00:29,-07:00,2026-04-25T13:00:29-07:00,2,5
index.html,23,html,38ad9535,JonathanChau145,2026-04-03,12:21:27,-07:00,2026-04-03T12:21:27-07:00,0,5
global.js,1,js,4ea5ebdb,JonathanChau145,2026-04-17,16:06:06,-07:00,2026-04-17T16:06:06-07:00,0,25
global.js,2,js,4ea5ebdb,JonathanChau145,2026-04-17,16:06:06,-07:00,2026-04-17T16:06:06-07:00,0,0
global.js,3,js,4ea5ebdb,JonathanChau145,2026-04-17,16:06:06,-07:00,2026-04-17T16:06:06-07:00,0,41
global.js,4,js,4ea5ebdb,JonathanChau145,2026-04-17,16:06:06,-07:00,2026-04-17T16:06:06-07:00,1,52
global.js,5,js,4ea5ebdb,JonathanChau145,2026-04-17,16:06:06,-07:00,2026-04-17T16:06:06-07:00,0,0
global.js,6,js,4ea5ebdb,JonathanChau145,2026-04-17,16:06:06,-07:00,2026-04-17T16:06:06-07:00,0,0
global.js,7,js,4ea5ebdb,JonathanChau145,2026-04-17,16:06:06,-07:00,2026-04-17T16:06:06-07:00,0,13
global.js,8,js,4ea5ebdb,JonathanChau145,2026-04-17,16:06:06,-07:00,2026-04-17T16:06:06-07:00,1,25
global.js,9,js,4ea5ebdb,JonathanChau145,2026-04-17,16:06:06,-07:00,2026-04-17T16:06:06-07:00,1,38
global.js,10,js,4ea5ebdb,JonathanChau145,2026-04-17,16:06:06,-07:00,2026-04-17T16:06:06-07:00,1,36
global.js,11,js,4ea5ebdb,JonathanChau145,2026-04-17,16:06:06,-07:00,2026-04-17T16:06:06-07:00,1,34
global.js,12,js,00000000,Not Committed Yet,2026-05-08,10:47:04,-07:00,2026-05-08T10:47:04-07:00,1,30
global.js,13,js,4ea5ebdb,JonathanChau145,2026-04-17,16:06:06,-07:00,2026-04-17T16:06:06-07:00,1,58
global.js,14,js,4ea5ebdb,JonathanChau145,2026-04-17,16:06:06,-07:00,2026-04-17T16:06:06-07:00,0,0
global.js,15,js,4ea5ebdb,JonathanChau145,2026-04-17,16:06:06,-07:00,2026-04-17T16:06:06-07:00,0,0
global.js,16,js,4ea5ebdb,JonathanChau145,2026-04-17,16:06:06,-07:00,2026-04-17T16:06:06-07:00,0,15
global.js,17,js,4ea5ebdb,JonathanChau145,2026-04-17,16:06:06,-07:00,2026-04-17T16:06:06-07:00,1,68
global.js,18,js,4ea5ebdb,JonathanChau145,2026-04-17,16:06:06,-07:00,2026-04-17T16:06:06-07:00,2,3
global.js,19,js,a2d9bb70,JonathanChau145,2026-04-17,16:09:57,-07:00,2026-04-17T16:09:57-07:00,2,14
global.js,20,js,4ea5ebdb,JonathanChau145,2026-04-17,16:06:06,-07:00,2026-04-17T16:06:06-07:00,0,0
global.js,21,js,4ea5ebdb,JonathanChau145,2026-04-17,16:06:06,-07:00,2026-04-17T16:06:06-07:00,0,38
global.js,22,js,4ea5ebdb,JonathanChau145,2026-04-17,16:06:06,-07:00,2026-04-17T16:06:06-07:00,0,25
global.js,23,js,4ea5ebdb,JonathanChau145,2026-04-17,16:06:06,-07:00,2026-04-17T16:06:06-07:00,0,0
global.js,24,js,4ea5ebdb,JonathanChau145,2026-04-17,16:06:06,-07:00,2026-04-17T16:06:06-07:00,0,20
global.js,25,js,c273aa27,JonathanChau145,2026-04-17,16:21:45,-07:00,2026-04-17T16:21:45-07:00,2,34
global.js,26,js,c273aa27,JonathanChau145,2026-04-17,16:21:45,-07:00,2026-04-17T16:21:45-07:00,2,14
global.js,27,js,4ea5ebdb,JonathanChau145,2026-04-17,16:06:06,-07:00,2026-04-17T16:06:06-07:00,0,0
global.js,28,js,c273aa27,JonathanChau145,2026-04-17,16:21:45,-07:00,2026-04-17T16:21:45-07:00,2,28
global.js,29,js,c273aa27,JonathanChau145,2026-04-17,16:21:45,-07:00,2026-04-17T16:21:45-07:00,4,38
global.js,30,js,c273aa27,JonathanChau145,2026-04-17,16:21:45,-07:00,2026-04-17T16:21:45-07:00,2,0
global.js,31,js,4ea5ebdb,JonathanChau145,2026-04-17,16:06:06,-07:00,2026-04-17T16:06:06-07:00,0,0
global.js,32,js,c273aa27,JonathanChau145,2026-04-17,16:21:45,-07:00,2026-04-17T16:21:45-07:00,2,11
global.js,33,js,c273aa27,JonathanChau145,2026-04-17,16:21:45,-07:00,2026-04-17T16:21:45-07:00,2,22
global.js,34,js,4ea5ebdb,JonathanChau145,2026-04-17,16:06:06,-07:00,2026-04-17T16:06:06-07:00,0,0
global.js,35,js,c273aa27,JonathanChau145,2026-04-17,16:21:45,-07:00,2026-04-17T16:21:45-07:00,2,17
global.js,36,js,c273aa27,JonathanChau145,2026-04-17,16:21:45,-07:00,2026-04-17T16:21:45-07:00,4,8
global.js,37,js,c273aa27,JonathanChau145,2026-04-17,16:21:45,-07:00,2026-04-17T16:21:45-07:00,4,25
global.js,38,js,c273aa27,JonathanChau145,2026-04-17,16:21:45,-07:00,2026-04-17T16:21:45-07:00,4,68
global.js,39,js,c273aa27,JonathanChau145,2026-04-17,16:21:45,-07:00,2026-04-17T16:21:45-07:00,2,0
global.js,40,js,4ea5ebdb,JonathanChau145,2026-04-17,16:06:06,-07:00,2026-04-17T16:06:06-07:00,0,0
global.js,41,js,c273aa27,JonathanChau145,2026-04-17,16:21:45,-07:00,2026-04-17T16:21:45-07:00,2,29
global.js,42,js,c273aa27,JonathanChau145,2026-04-17,16:21:45,-07:00,2026-04-17T16:21:45-07:00,4,18
global.js,43,js,c273aa27,JonathanChau145,2026-04-17,16:21:45,-07:00,2026-04-17T16:21:45-07:00,2,0
global.js,44,js,4ea5ebdb,JonathanChau145,2026-04-17,16:06:06,-07:00,2026-04-17T16:06:06-07:00,0,0
global.js,45,js,c273aa27,JonathanChau145,2026-04-17,16:21:45,-07:00,2026-04-17T16:21:45-07:00,2,12
global.js,46,js,4ea5ebdb,JonathanChau145,2026-04-17,16:06:06,-07:00,2026-04-17T16:06:06-07:00,0,0
global.js,47,js,4ea5ebdb,JonathanChau145,2026-04-17,16:06:06,-07:00,2026-04-17T16:06:06-07:00,0,0
global.js,48,js,4ea5ebdb,JonathanChau145,2026-04-17,16:06:06,-07:00,2026-04-17T16:06:06-07:00,0,0
global.js,49,js,4ea5ebdb,JonathanChau145,2026-04-17,16:06:06,-07:00,2026-04-17T16:06:06-07:00,0,31
global.js,50,js,4ea5ebdb,JonathanChau145,2026-04-17,16:06:06,-07:00,2026-04-17T16:06:06-07:00,1,11
global.js,51,js,4ea5ebdb,JonathanChau145,2026-04-17,16:06:06,-07:00,2026-04-17T16:06:06-07:00,1,0
global.js,52,js,4ea5ebdb,JonathanChau145,2026-04-17,16:06:06,-07:00,2026-04-17T16:06:06-07:00,2,26
global.js,53,js,4ea5ebdb,JonathanChau145,2026-04-17,16:06:06,-07:00,2026-04-17T16:06:06-07:00,3,4
global.js,54,js,4ea5ebdb,JonathanChau145,2026-04-17,16:06:06,-07:00,2026-04-17T16:06:06-07:00,3,6
global.js,55,js,4ea5ebdb,JonathanChau145,2026-04-17,16:06:06,-07:00,2026-04-17T16:06:06-07:00,4,43
global.js,56,js,4ea5ebdb,JonathanChau145,2026-04-17,16:06:06,-07:00,2026-04-17T16:06:06-07:00,4,34
global.js,57,js,4ea5ebdb,JonathanChau145,2026-04-17,16:06:06,-07:00,2026-04-17T16:06:06-07:00,4,32
global.js,58,js,4ea5ebdb,JonathanChau145,2026-04-17,16:06:06,-07:00,2026-04-17T16:06:06-07:00,3,7
global.js,59,js,4ea5ebdb,JonathanChau145,2026-04-17,16:06:06,-07:00,2026-04-17T16:06:06-07:00,2,6
global.js,60,js,4ea5ebdb,JonathanChau145,2026-04-17,16:06:06,-07:00,2026-04-17T16:06:06-07:00,1,0
global.js,61,js,4ea5ebdb,JonathanChau145,2026-04-17,16:06:06,-07:00,2026-04-17T16:06:06-07:00,0,0
global.js,62,js,4ea5ebdb,JonathanChau145,2026-04-17,16:06:06,-07:00,2026-04-17T16:06:06-07:00,0,0
global.js,63,js,4ea5ebdb,JonathanChau145,2026-04-17,16:06:06,-07:00,2026-04-17T16:06:06-07:00,0,60
global.js,64,js,4ea5ebdb,JonathanChau145,2026-04-17,16:06:06,-07:00,2026-04-17T16:06:06-07:00,0,0
global.js,65,js,4ea5ebdb,JonathanChau145,2026-04-17,16:06:06,-07:00,2026-04-17T16:06:06-07:00,0,36
global.js,66,js,4ea5ebdb,JonathanChau145,2026-04-17,16:06:06,-07:00,2026-04-17T16:06:06-07:00,1,70
global.js,67,js,4ea5ebdb,JonathanChau145,2026-04-17,16:06:06,-07:00,2026-04-17T16:06:06-07:00,1,25
global.js,68,js,4ea5ebdb,JonathanChau145,2026-04-17,16:06:06,-07:00,2026-04-17T16:06:06-07:00,0,0
global.js,69,js,4ea5ebdb,JonathanChau145,2026-04-17,16:06:06,-07:00,2026-04-17T16:06:06-07:00,0,0
global.js,70,js,4ea5ebdb,JonathanChau145,2026-04-17,16:06:06,-07:00,2026-04-17T16:06:06-07:00,0,34
global.js,71,js,4ea5ebdb,JonathanChau145,2026-04-17,16:06:06,-07:00,2026-04-17T16:06:06-07:00,1,39
global.js,72,js,4ea5ebdb,JonathanChau145,2026-04-17,16:06:06,-07:00,2026-04-17T16:06:06-07:00,0,0
global.js,73,js,4ea5ebdb,JonathanChau145,2026-04-17,16:06:06,-07:00,2026-04-17T16:06:06-07:00,0,0
global.js,74,js,4ea5ebdb,JonathanChau145,2026-04-17,16:06:06,-07:00,2026-04-17T16:06:06-07:00,0,49
global.js,75,js,4ea5ebdb,JonathanChau145,2026-04-17,16:06:06,-07:00,2026-04-17T16:06:06-07:00,1,37
global.js,76,js,4ea5ebdb,JonathanChau145,2026-04-17,16:06:06,-07:00,2026-04-17T16:06:06-07:00,1,26
global.js,77,js,4ea5ebdb,JonathanChau145,2026-04-17,16:06:06,-07:00,2026-04-17T16:06:06-07:00,1,37
global.js,78,js,4ea5ebdb,JonathanChau145,2026-04-17,16:06:06,-07:00,2026-04-17T16:06:06-07:00,0,1
global.js,79,js,4ea5ebdb,JonathanChau145,2026-04-17,16:06:06,-07:00,2026-04-17T16:06:06-07:00,0,0
global.js,80,js,4ea5ebdb,JonathanChau145,2026-04-17,16:06:06,-07:00,2026-04-17T16:06:06-07:00,0,42
global.js,81,js,4ea5ebdb,JonathanChau145,2026-04-17,16:06:06,-07:00,2026-04-17T16:06:06-07:00,0,0
global.js,82,js,4ea5ebdb,JonathanChau145,2026-04-17,16:06:06,-07:00,2026-04-17T16:06:06-07:00,0,49
global.js,83,js,4ea5ebdb,JonathanChau145,2026-04-17,16:06:06,-07:00,2026-04-17T16:06:06-07:00,1,21
global.js,84,js,4ea5ebdb,JonathanChau145,2026-04-17,16:06:06,-07:00,2026-04-17T16:06:06-07:00,0,0
global.js,85,js,4ea5ebdb,JonathanChau145,2026-04-17,16:06:06,-07:00,2026-04-17T16:06:06-07:00,1,28
global.js,86,js,4ea5ebdb,JonathanChau145,2026-04-17,16:06:06,-07:00,2026-04-17T16:06:06-07:00,1,14
global.js,87,js,4ea5ebdb,JonathanChau145,2026-04-17,16:06:06,-07:00,2026-04-17T16:06:06-07:00,0,0
global.js,88,js,4ea5ebdb,JonathanChau145,2026-04-17,16:06:06,-07:00,2026-04-17T16:06:06-07:00,1,31
global.js,89,js,4ea5ebdb,JonathanChau145,2026-04-17,16:06:06,-07:00,2026-04-17T16:06:06-07:00,2,50
global.js,90,js,4ea5ebdb,JonathanChau145,2026-04-17,16:06:06,-07:00,2026-04-17T16:06:06-07:00,1,0
global.js,91,js,4ea5ebdb,JonathanChau145,2026-04-17,16:06:06,-07:00,2026-04-17T16:06:06-07:00,0,0
global.js,92,js,4ea5ebdb,JonathanChau145,2026-04-17,16:06:06,-07:00,2026-04-17T16:06:06-07:00,1,51
global.js,93,js,80864dc2,JonathanChau145,2026-04-24,10:52:26,-07:00,2026-04-24T10:52:26-07:00,0,1
global.js,94,js,80864dc2,JonathanChau145,2026-04-24,10:52:26,-07:00,2026-04-24T10:52:26-07:00,0,0
global.js,95,js,80864dc2,JonathanChau145,2026-04-24,10:52:26,-07:00,2026-04-24T10:52:26-07:00,0,0
global.js,96,js,80864dc2,JonathanChau145,2026-04-24,10:52:26,-07:00,2026-04-24T10:52:26-07:00,0,0
global.js,97,js,80864dc2,JonathanChau145,2026-04-24,10:52:26,-07:00,2026-04-24T10:52:26-07:00,0,36
global.js,98,js,80864dc2,JonathanChau145,2026-04-24,10:52:26,-07:00,2026-04-24T10:52:26-07:00,1,3
global.js,99,js,80864dc2,JonathanChau145,2026-04-24,10:52:26,-07:00,2026-04-24T10:52:26-07:00,2,32
global.js,100,js,80864dc2,JonathanChau145,2026-04-24,10:52:26,-07:00,2026-04-24T10:52:26-07:00,0,0
global.js,101,js,80864dc2,JonathanChau145,2026-04-24,10:52:26,-07:00,2026-04-24T10:52:26-07:00,2,17
global.js,102,js,6b8ba16a,JonathanChau145,2026-04-25,13:00:29,-07:00,2026-04-25T13:00:29-07:00,3,66
global.js,103,js,80864dc2,JonathanChau145,2026-04-24,10:52:26,-07:00,2026-04-24T10:52:26-07:00,2,0
global.js,104,js,80864dc2,JonathanChau145,2026-04-24,10:52:26,-07:00,2026-04-24T10:52:26-07:00,0,0
global.js,105,js,80864dc2,JonathanChau145,2026-04-24,10:52:26,-07:00,2026-04-24T10:52:26-07:00,2,33
global.js,106,js,80864dc2,JonathanChau145,2026-04-24,10:52:26,-07:00,2026-04-24T10:52:26-07:00,2,10
global.js,107,js,80864dc2,JonathanChau145,2026-04-24,10:52:26,-07:00,2026-04-24T10:52:26-07:00,1,15
global.js,108,js,80864dc2,JonathanChau145,2026-04-24,10:52:26,-07:00,2026-04-24T10:52:26-07:00,2,59
global.js,109,js,80864dc2,JonathanChau145,2026-04-24,10:52:26,-07:00,2026-04-24T10:52:26-07:00,1,0
global.js,110,js,80864dc2,JonathanChau145,2026-04-24,10:52:26,-07:00,2026-04-24T10:52:26-07:00,0,0
global.js,111,js,80864dc2,JonathanChau145,2026-04-24,10:52:26,-07:00,2026-04-24T10:52:26-07:00,0,0
global.js,112,js,80864dc2,JonathanChau145,2026-04-24,10:52:26,-07:00,2026-04-24T10:52:26-07:00,0,79
global.js,113,js,80864dc2,JonathanChau145,2026-04-24,10:52:26,-07:00,2026-04-24T10:52:26-07:00,1,22
global.js,114,js,80864dc2,JonathanChau145,2026-04-24,10:52:26,-07:00,2026-04-24T10:52:26-07:00,2,5
global.js,115,js,80864dc2,JonathanChau145,2026-04-24,10:52:26,-07:00,2026-04-24T10:52:26-07:00,1,0
global.js,116,js,80864dc2,JonathanChau145,2026-04-24,10:52:26,-07:00,2026-04-24T10:52:26-07:00,0,0
global.js,117,js,80864dc2,JonathanChau145,2026-04-24,10:52:26,-07:00,2026-04-24T10:52:26-07:00,1,30
global.js,118,js,80864dc2,JonathanChau145,2026-04-24,10:52:26,-07:00,2026-04-24T10:52:26-07:00,0,0
global.js,119,js,80864dc2,JonathanChau145,2026-04-24,10:52:26,-07:00,2026-04-24T10:52:26-07:00,1,39
global.js,120,js,80864dc2,JonathanChau145,2026-04-24,10:52:26,-07:00,2026-04-24T10:52:26-07:00,2,55
global.js,121,js,80864dc2,JonathanChau145,2026-04-24,10:52:26,-07:00,2026-04-24T10:52:26-07:00,2,5
global.js,122,js,80864dc2,JonathanChau145,2026-04-24,10:52:26,-07:00,2026-04-24T10:52:26-07:00,1,0
global.js,123,js,80864dc2,JonathanChau145,2026-04-24,10:52:26,-07:00,2026-04-24T10:52:26-07:00,0,0
global.js,124,js,80864dc2,JonathanChau145,2026-04-24,10:52:26,-07:00,2026-04-24T10:52:26-07:00,1,29
global.js,125,js,80864dc2,JonathanChau145,2026-04-24,10:52:26,-07:00,2026-04-24T10:52:26-07:00,2,48
global.js,126,js,80864dc2,JonathanChau145,2026-04-24,10:52:26,-07:00,2026-04-24T10:52:26-07:00,0,0
global.js,127,js,80864dc2,JonathanChau145,2026-04-24,10:52:26,-07:00,2026-04-24T10:52:26-07:00,2,19
global.js,128,js,80864dc2,JonathanChau145,2026-04-24,10:52:26,-07:00,2026-04-24T10:52:26-07:00,3,49
global.js,129,js,80864dc2,JonathanChau145,2026-04-24,10:52:26,-07:00,2026-04-24T10:52:26-07:00,3,49
global.js,130,js,80864dc2,JonathanChau145,2026-04-24,10:52:26,-07:00,2026-04-24T10:52:26-07:00,3,27
global.js,131,js,81731e69,JonathanChau145,2026-04-25,13:40:57,-07:00,2026-04-25T13:40:57-07:00,3,26
global.js,132,js,80864dc2,JonathanChau145,2026-04-24,10:52:26,-07:00,2026-04-24T10:52:26-07:00,2,0
global.js,133,js,80864dc2,JonathanChau145,2026-04-24,10:52:26,-07:00,2026-04-24T10:52:26-07:00,0,0
global.js,134,js,80864dc2,JonathanChau145,2026-04-24,10:52:26,-07:00,2026-04-24T10:52:26-07:00,2,36
global.js,135,js,80864dc2,JonathanChau145,2026-04-24,10:52:26,-07:00,2026-04-24T10:52:26-07:00,1,0
global.js,136,js,80864dc2,JonathanChau145,2026-04-24,10:52:26,-07:00,2026-04-24T10:52:26-07:00,0,0
global.js,137,js,80864dc2,JonathanChau145,2026-04-24,10:52:26,-07:00,2026-04-24T10:52:26-07:00,0,0
global.js,138,js,80864dc2,JonathanChau145,2026-04-24,10:52:26,-07:00,2026-04-24T10:52:26-07:00,0,47
global.js,139,js,80864dc2,JonathanChau145,2026-04-24,10:52:26,-07:00,2026-04-24T10:52:26-07:00,1,59
global.js,140,js,80864dc2,JonathanChau145,2026-04-24,10:52:26,-07:00,2026-04-24T10:52:26-07:00,0,0
resume/index.html,1,html,143beaf5,JonathanChau145,2026-04-03,16:12:23,-07:00,2026-04-03T16:12:23-07:00,0,13
resume/index.html,2,html,143beaf5,JonathanChau145,2026-04-03,16:12:23,-07:00,2026-04-03T16:12:23-07:00,0,14
resume/index.html,3,html,143beaf5,JonathanChau145,2026-04-03,16:12:23,-07:00,2026-04-03T16:12:23-07:00,0,4
resume/index.html,4,html,143beaf5,JonathanChau145,2026-04-03,16:12:23,-07:00,2026-04-03T16:12:23-07:00,2,20
resume/index.html,5,html,143beaf5,JonathanChau145,2026-04-03,16:12:23,-07:00,2026-04-03T16:12:23-07:00,2,68
resume/index.html,6,html,143beaf5,JonathanChau145,2026-04-03,16:12:23,-07:00,2026-04-03T16:12:23-07:00,2,19
resume/index.html,7,html,143beaf5,JonathanChau145,2026-04-03,16:12:23,-07:00,2026-04-03T16:12:23-07:00,2,41
resume/index.html,8,html,4ea5ebdb,JonathanChau145,2026-04-17,16:06:06,-07:00,2026-04-17T16:06:06-07:00,2,48
resume/index.html,9,html,143beaf5,JonathanChau145,2026-04-03,16:12:23,-07:00,2026-04-03T16:12:23-07:00,0,5
resume/index.html,10,html,143beaf5,JonathanChau145,2026-04-03,16:12:23,-07:00,2026-04-03T16:12:23-07:00,0,4
resume/index.html,11,html,143beaf5,JonathanChau145,2026-04-03,16:12:23,-07:00,2026-04-03T16:12:23-07:00,2,16
resume/index.html,12,html,1a94ca23,JonathanChau145,2026-04-10,21:03:35,-07:00,2026-04-10T21:03:35-07:00,0,0
resume/index.html,13,html,1a94ca23,JonathanChau145,2026-04-10,21:03:35,-07:00,2026-04-10T21:03:35-07:00,2,5
resume/index.html,14,html,1a94ca23,JonathanChau145,2026-04-10,21:03:35,-07:00,2026-04-10T21:03:35-07:00,4,29
resume/index.html,15,html,1a94ca23,JonathanChau145,2026-04-10,21:03:35,-07:00,2026-04-10T21:03:35-07:00,4,10
resume/index.html,16,html,1a94ca23,JonathanChau145,2026-04-10,21:03:35,-07:00,2026-04-10T21:03:35-07:00,4,13
resume/index.html,17,html,1a94ca23,JonathanChau145,2026-04-10,21:03:35,-07:00,2026-04-10T21:03:35-07:00,2,7
resume/index.html,18,html,143beaf5,JonathanChau145,2026-04-03,16:12:23,-07:00,2026-04-03T16:12:23-07:00,0,0
resume/index.html,19,html,143beaf5,JonathanChau145,2026-04-03,16:12:23,-07:00,2026-04-03T16:12:23-07:00,0,5
resume/index.html,20,html,143beaf5,JonathanChau145,2026-04-03,16:12:23,-07:00,2026-04-03T16:12:23-07:00,0,5
projects/projects.js,1,js,de820a78,JonathanChau145,2026-04-30,21:14:29,-07:00,2026-04-30T21:14:29-07:00,0,63
projects/projects.js,2,js,80864dc2,JonathanChau145,2026-04-24,10:52:26,-07:00,2026-04-24T10:52:26-07:00,0,55
projects/projects.js,3,js,80864dc2,JonathanChau145,2026-04-24,10:52:26,-07:00,2026-04-24T10:52:26-07:00,0,0
projects/projects.js,4,js,80864dc2,JonathanChau145,2026-04-24,10:52:26,-07:00,2026-04-24T10:52:26-07:00,0,55
projects/projects.js,5,js,80864dc2,JonathanChau145,2026-04-24,10:52:26,-07:00,2026-04-24T10:52:26-07:00,0,0
projects/projects.js,6,js,80864dc2,JonathanChau145,2026-04-24,10:52:26,-07:00,2026-04-24T10:52:26-07:00,0,60
projects/projects.js,7,js,80864dc2,JonathanChau145,2026-04-24,10:52:26,-07:00,2026-04-24T10:52:26-07:00,0,62
projects/projects.js,8,js,de820a78,JonathanChau145,2026-04-30,21:14:29,-07:00,2026-04-30T21:14:29-07:00,0,55
projects/projects.js,9,js,de820a78,JonathanChau145,2026-04-30,21:14:29,-07:00,2026-04-30T21:14:29-07:00,0,0
projects/projects.js,10,js,de820a78,JonathanChau145,2026-04-30,21:14:29,-07:00,2026-04-30T21:14:29-07:00,0,13
projects/projects.js,11,js,de820a78,JonathanChau145,2026-04-30,21:14:29,-07:00,2026-04-30T21:14:29-07:00,0,22
projects/projects.js,12,js,de820a78,JonathanChau145,2026-04-30,21:14:29,-07:00,2026-04-30T21:14:29-07:00,0,0
projects/projects.js,13,js,de820a78,JonathanChau145,2026-04-30,21:14:29,-07:00,2026-04-30T21:14:29-07:00,0,49
projects/projects.js,14,js,80864dc2,JonathanChau145,2026-04-24,10:52:26,-07:00,2026-04-24T10:52:26-07:00,0,0
projects/projects.js,15,js,80864dc2,JonathanChau145,2026-04-24,10:52:26,-07:00,2026-04-24T10:52:26-07:00,0,30
projects/projects.js,16,js,80864dc2,JonathanChau145,2026-04-24,10:52:26,-07:00,2026-04-24T10:52:26-07:00,1,56
projects/projects.js,17,js,80864dc2,JonathanChau145,2026-04-24,10:52:26,-07:00,2026-04-24T10:52:26-07:00,0,0
projects/projects.js,18,js,80864dc2,JonathanChau145,2026-04-24,10:52:26,-07:00,2026-04-24T10:52:26-07:00,0,0
projects/projects.js,19,js,de820a78,JonathanChau145,2026-04-30,21:14:29,-07:00,2026-04-30T21:14:29-07:00,0,36
projects/projects.js,20,js,de820a78,JonathanChau145,2026-04-30,21:14:29,-07:00,2026-04-30T21:14:29-07:00,1,35
projects/projects.js,21,js,de820a78,JonathanChau145,2026-04-30,21:14:29,-07:00,2026-04-30T21:14:29-07:00,2,61
projects/projects.js,22,js,de820a78,JonathanChau145,2026-04-30,21:14:29,-07:00,2026-04-30T21:14:29-07:00,2,42
projects/projects.js,23,js,de820a78,JonathanChau145,2026-04-30,21:14:29,-07:00,2026-04-30T21:14:29-07:00,1,1
projects/projects.js,24,js,de820a78,JonathanChau145,2026-04-30,21:14:29,-07:00,2026-04-30T21:14:29-07:00,0,0
projects/projects.js,25,js,de820a78,JonathanChau145,2026-04-30,21:14:29,-07:00,2026-04-30T21:14:29-07:00,0,0
projects/projects.js,26,js,de820a78,JonathanChau145,2026-04-30,21:14:29,-07:00,2026-04-30T21:14:29-07:00,0,35
projects/projects.js,27,js,de820a78,JonathanChau145,2026-04-30,21:14:29,-07:00,2026-04-30T21:14:29-07:00,1,54
projects/projects.js,28,js,de820a78,JonathanChau145,2026-04-30,21:14:29,-07:00,2026-04-30T21:14:29-07:00,2,76
projects/projects.js,29,js,de820a78,JonathanChau145,2026-04-30,21:14:29,-07:00,2026-04-30T21:14:29-07:00,1,1
projects/projects.js,30,js,de820a78,JonathanChau145,2026-04-30,21:14:29,-07:00,2026-04-30T21:14:29-07:00,0,0
projects/projects.js,31,js,de820a78,JonathanChau145,2026-04-30,21:14:29,-07:00,2026-04-30T21:14:29-07:00,0,0
projects/projects.js,32,js,de820a78,JonathanChau145,2026-04-30,21:14:29,-07:00,2026-04-30T21:14:29-07:00,0,38
projects/projects.js,33,js,de820a78,JonathanChau145,2026-04-30,21:14:29,-07:00,2026-04-30T21:14:29-07:00,1,42
projects/projects.js,34,js,de820a78,JonathanChau145,2026-04-30,21:14:29,-07:00,2026-04-30T21:14:29-07:00,1,34
projects/projects.js,35,js,de820a78,JonathanChau145,2026-04-30,21:14:29,-07:00,2026-04-30T21:14:29-07:00,0,0
projects/projects.js,36,js,de820a78,JonathanChau145,2026-04-30,21:14:29,-07:00,2026-04-30T21:14:29-07:00,1,29
projects/projects.js,37,js,de820a78,JonathanChau145,2026-04-30,21:14:29,-07:00,2026-04-30T21:14:29-07:00,1,30
projects/projects.js,38,js,de820a78,JonathanChau145,2026-04-30,21:14:29,-07:00,2026-04-30T21:14:29-07:00,0,0
projects/projects.js,39,js,de820a78,JonathanChau145,2026-04-30,21:14:29,-07:00,2026-04-30T21:14:29-07:00,1,28
projects/projects.js,40,js,de820a78,JonathanChau145,2026-04-30,21:14:29,-07:00,2026-04-30T21:14:29-07:00,2,12
projects/projects.js,41,js,de820a78,JonathanChau145,2026-04-30,21:14:29,-07:00,2026-04-30T21:14:29-07:00,2,14
projects/projects.js,42,js,de820a78,JonathanChau145,2026-04-30,21:14:29,-07:00,2026-04-30T21:14:29-07:00,2,11
projects/projects.js,43,js,de820a78,JonathanChau145,2026-04-30,21:14:29,-07:00,2026-04-30T21:14:29-07:00,1,0
projects/projects.js,44,js,de820a78,JonathanChau145,2026-04-30,21:14:29,-07:00,2026-04-30T21:14:29-07:00,0,0
projects/projects.js,45,js,de820a78,JonathanChau145,2026-04-30,21:14:29,-07:00,2026-04-30T21:14:29-07:00,1,46
projects/projects.js,46,js,de820a78,JonathanChau145,2026-04-30,21:14:29,-07:00,2026-04-30T21:14:29-07:00,2,6
projects/projects.js,47,js,de820a78,JonathanChau145,2026-04-30,21:14:29,-07:00,2026-04-30T21:14:29-07:00,3,10
projects/projects.js,48,js,de820a78,JonathanChau145,2026-04-30,21:14:29,-07:00,2026-04-30T21:14:29-07:00,3,11
projects/projects.js,49,js,de820a78,JonathanChau145,2026-04-30,21:14:29,-07:00,2026-04-30T21:14:29-07:00,2,0
projects/projects.js,50,js,de820a78,JonathanChau145,2026-04-30,21:14:29,-07:00,2026-04-30T21:14:29-07:00,1,1
projects/projects.js,51,js,de820a78,JonathanChau145,2026-04-30,21:14:29,-07:00,2026-04-30T21:14:29-07:00,0,0
projects/projects.js,52,js,de820a78,JonathanChau145,2026-04-30,21:14:29,-07:00,2026-04-30T21:14:29-07:00,1,59
projects/projects.js,53,js,de820a78,JonathanChau145,2026-04-30,21:14:29,-07:00,2026-04-30T21:14:29-07:00,1,52
projects/projects.js,54,js,de820a78,JonathanChau145,2026-04-30,21:14:29,-07:00,2026-04-30T21:14:29-07:00,0,0
projects/projects.js,55,js,de820a78,JonathanChau145,2026-04-30,21:14:29,-07:00,2026-04-30T21:14:29-07:00,1,35
projects/projects.js,56,js,de820a78,JonathanChau145,2026-04-30,21:14:29,-07:00,2026-04-30T21:14:29-07:00,1,47
projects/projects.js,57,js,de820a78,JonathanChau145,2026-04-30,21:14:29,-07:00,2026-04-30T21:14:29-07:00,0,0
projects/projects.js,58,js,de820a78,JonathanChau145,2026-04-30,21:14:29,-07:00,2026-04-30T21:14:29-07:00,1,24
projects/projects.js,59,js,de820a78,JonathanChau145,2026-04-30,21:14:29,-07:00,2026-04-30T21:14:29-07:00,2,1
projects/projects.js,60,js,de820a78,JonathanChau145,2026-04-30,21:14:29,-07:00,2026-04-30T21:14:29-07:00,3,13
projects/projects.js,61,js,de820a78,JonathanChau145,2026-04-30,21:14:29,-07:00,2026-04-30T21:14:29-07:00,3,13
projects/projects.js,62,js,de820a78,JonathanChau145,2026-04-30,21:14:29,-07:00,2026-04-30T21:14:29-07:00,3,22
projects/projects.js,63,js,de820a78,JonathanChau145,2026-04-30,21:14:29,-07:00,2026-04-30T21:14:29-07:00,3,62
projects/projects.js,64,js,de820a78,JonathanChau145,2026-04-30,21:14:29,-07:00,2026-04-30T21:14:29-07:00,3,18
projects/projects.js,65,js,de820a78,JonathanChau145,2026-04-30,21:14:29,-07:00,2026-04-30T21:14:29-07:00,4,67
projects/projects.js,66,js,de820a78,JonathanChau145,2026-04-30,21:14:29,-07:00,2026-04-30T21:14:29-07:00,4,11
projects/projects.js,67,js,de820a78,JonathanChau145,2026-04-30,21:14:29,-07:00,2026-04-30T21:14:29-07:00,3,1
projects/projects.js,68,js,de820a78,JonathanChau145,2026-04-30,21:14:29,-07:00,2026-04-30T21:14:29-07:00,1,1
projects/projects.js,69,js,de820a78,JonathanChau145,2026-04-30,21:14:29,-07:00,2026-04-30T21:14:29-07:00,0,0
projects/projects.js,70,js,de820a78,JonathanChau145,2026-04-30,21:14:29,-07:00,2026-04-30T21:14:29-07:00,1,22
projects/projects.js,71,js,de820a78,JonathanChau145,2026-04-30,21:14:29,-07:00,2026-04-30T21:14:29-07:00,2,4
projects/projects.js,72,js,de820a78,JonathanChau145,2026-04-30,21:14:29,-07:00,2026-04-30T21:14:29-07:00,3,11
projects/projects.js,73,js,de820a78,JonathanChau145,2026-04-30,21:14:29,-07:00,2026-04-30T21:14:29-07:00,3,37
projects/projects.js,74,js,de820a78,JonathanChau145,2026-04-30,21:14:29,-07:00,2026-04-30T21:14:29-07:00,3,79
projects/projects.js,75,js,de820a78,JonathanChau145,2026-04-30,21:14:29,-07:00,2026-04-30T21:14:29-07:00,3,68
projects/projects.js,76,js,de820a78,JonathanChau145,2026-04-30,21:14:29,-07:00,2026-04-30T21:14:29-07:00,3,18
projects/projects.js,77,js,de820a78,JonathanChau145,2026-04-30,21:14:29,-07:00,2026-04-30T21:14:29-07:00,4,55
projects/projects.js,78,js,de820a78,JonathanChau145,2026-04-30,21:14:29,-07:00,2026-04-30T21:14:29-07:00,4,11
projects/projects.js,79,js,de820a78,JonathanChau145,2026-04-30,21:14:29,-07:00,2026-04-30T21:14:29-07:00,3,1
projects/projects.js,80,js,de820a78,JonathanChau145,2026-04-30,21:14:29,-07:00,2026-04-30T21:14:29-07:00,1,1
projects/projects.js,81,js,de820a78,JonathanChau145,2026-04-30,21:14:29,-07:00,2026-04-30T21:14:29-07:00,0,0
projects/projects.js,82,js,de820a78,JonathanChau145,2026-04-30,21:14:29,-07:00,2026-04-30T21:14:29-07:00,0,0
projects/projects.js,83,js,de820a78,JonathanChau145,2026-04-30,21:14:29,-07:00,2026-04-30T21:14:29-07:00,0,21
projects/projects.js,84,js,de820a78,JonathanChau145,2026-04-30,21:14:29,-07:00,2026-04-30T21:14:29-07:00,1,57
projects/projects.js,85,js,de820a78,JonathanChau145,2026-04-30,21:14:29,-07:00,2026-04-30T21:14:29-07:00,1,55
projects/projects.js,86,js,de820a78,JonathanChau145,2026-04-30,21:14:29,-07:00,2026-04-30T21:14:29-07:00,0,0
projects/projects.js,87,js,de820a78,JonathanChau145,2026-04-30,21:14:29,-07:00,2026-04-30T21:14:29-07:00,1,61
projects/projects.js,88,js,de820a78,JonathanChau145,2026-04-30,21:14:29,-07:00,2026-04-30T21:14:29-07:00,1,37
projects/projects.js,89,js,de820a78,JonathanChau145,2026-04-30,21:14:29,-07:00,2026-04-30T21:14:29-07:00,0,0
projects/projects.js,90,js,de820a78,JonathanChau145,2026-04-30,21:14:29,-07:00,2026-04-30T21:14:29-07:00,0,0
projects/projects.js,91,js,de820a78,JonathanChau145,2026-04-30,21:14:29,-07:00,2026-04-30T21:14:29-07:00,0,48
projects/projects.js,92,js,de820a78,JonathanChau145,2026-04-30,21:14:29,-07:00,2026-04-30T21:14:29-07:00,1,25
projects/projects.js,93,js,de820a78,JonathanChau145,2026-04-30,21:14:29,-07:00,2026-04-30T21:14:29-07:00,1,11
projects/projects.js,94,js,de820a78,JonathanChau145,2026-04-30,21:14:29,-07:00,2026-04-30T21:14:29-07:00,0,1
projects/projects.js,95,js,de820a78,JonathanChau145,2026-04-30,21:14:29,-07:00,2026-04-30T21:14:29-07:00,0,0
projects/projects.js,96,js,de820a78,JonathanChau145,2026-04-30,21:14:29,-07:00,2026-04-30T21:14:29-07:00,0,11
projects/index.html,1,html,2a3196e7,JonathanChau145,2026-04-03,15:15:10,-07:00,2026-04-03T15:15:10-07:00,0,13
projects/index.html,2,html,2a3196e7,JonathanChau145,2026-04-03,15:15:10,-07:00,2026-04-03T15:15:10-07:00,0,14
projects/index.html,3,html,2a3196e7,JonathanChau145,2026-04-03,15:15:10,-07:00,2026-04-03T15:15:10-07:00,0,4
projects/index.html,4,html,de820a78,JonathanChau145,2026-04-30,21:14:29,-07:00,2026-04-30T21:14:29-07:00,1,20
projects/index.html,5,html,de820a78,JonathanChau145,2026-04-30,21:14:29,-07:00,2026-04-30T21:14:29-07:00,1,68
projects/index.html,6,html,de820a78,JonathanChau145,2026-04-30,21:14:29,-07:00,2026-04-30T21:14:29-07:00,1,21
projects/index.html,7,html,80864dc2,JonathanChau145,2026-04-24,10:52:26,-07:00,2026-04-24T10:52:26-07:00,0,0
projects/index.html,8,html,de820a78,JonathanChau145,2026-04-30,21:14:29,-07:00,2026-04-30T21:14:29-07:00,1,41
projects/index.html,9,html,de820a78,JonathanChau145,2026-04-30,21:14:29,-07:00,2026-04-30T21:14:29-07:00,1,48
projects/index.html,10,html,2a3196e7,JonathanChau145,2026-04-03,15:15:10,-07:00,2026-04-03T15:15:10-07:00,0,5
projects/index.html,11,html,4658ce15,JonathanChau145,2026-04-03,15:46:32,-07:00,2026-04-03T15:46:32-07:00,0,0
projects/index.html,12,html,2a3196e7,JonathanChau145,2026-04-03,15:15:10,-07:00,2026-04-03T15:15:10-07:00,0,4
projects/index.html,13,html,de820a78,JonathanChau145,2026-04-30,21:14:29,-07:00,2026-04-30T21:14:29-07:00,1,38
projects/index.html,14,html,80864dc2,JonathanChau145,2026-04-24,10:52:26,-07:00,2026-04-24T10:52:26-07:00,0,0
projects/index.html,15,html,de820a78,JonathanChau145,2026-04-30,21:14:29,-07:00,2026-04-30T21:14:29-07:00,1,21
projects/index.html,16,html,de820a78,JonathanChau145,2026-04-30,21:14:29,-07:00,2026-04-30T21:14:29-07:00,2,58
projects/index.html,17,html,de820a78,JonathanChau145,2026-04-30,21:14:29,-07:00,2026-04-30T21:14:29-07:00,2,22
projects/index.html,18,html,de820a78,JonathanChau145,2026-04-30,21:14:29,-07:00,2026-04-30T21:14:29-07:00,1,4
projects/index.html,19,html,80864dc2,JonathanChau145,2026-04-24,10:52:26,-07:00,2026-04-24T10:52:26-07:00,0,0
projects/index.html,20,html,de820a78,JonathanChau145,2026-04-30,21:14:29,-07:00,2026-04-30T21:14:29-07:00,1,4
projects/index.html,21,html,de820a78,JonathanChau145,2026-04-30,21:14:29,-07:00,2026-04-30T21:14:29-07:00,2,15
projects/index.html,22,html,de820a78,JonathanChau145,2026-04-30,21:14:29,-07:00,2026-04-30T21:14:29-07:00,2,11
projects/index.html,23,html,de820a78,JonathanChau145,2026-04-30,21:14:29,-07:00,2026-04-30T21:14:29-07:00,2,26
projects/index.html,24,html,de820a78,JonathanChau145,2026-04-30,21:14:29,-07:00,2026-04-30T21:14:29-07:00,2,31
projects/index.html,25,html,de820a78,JonathanChau145,2026-04-30,21:14:29,-07:00,2026-04-30T21:14:29-07:00,1,0
projects/index.html,26,html,de820a78,JonathanChau145,2026-04-30,21:14:29,-07:00,2026-04-30T21:14:29-07:00,0,0
projects/index.html,27,html,de820a78,JonathanChau145,2026-04-30,21:14:29,-07:00,2026-04-30T21:14:29-07:00,1,26
projects/index.html,28,html,4ea5ebdb,JonathanChau145,2026-04-17,16:06:06,-07:00,2026-04-17T16:06:06-07:00,0,0
projects/index.html,29,html,de820a78,JonathanChau145,2026-04-30,21:14:29,-07:00,2026-04-30T21:14:29-07:00,1,47
projects/index.html,30,html,de820a78,JonathanChau145,2026-04-30,21:14:29,-07:00,2026-04-30T21:14:29-07:00,0,5
projects/index.html,31,html,de820a78,JonathanChau145,2026-04-30,21:14:29,-07:00,2026-04-30T21:14:29-07:00,0,5
contact/index.html,1,html,2a3196e7,JonathanChau145,2026-04-03,15:15:10,-07:00,2026-04-03T15:15:10-07:00,0,13
contact/index.html,2,html,2a3196e7,JonathanChau145,2026-04-03,15:15:10,-07:00,2026-04-03T15:15:10-07:00,0,14
contact/index.html,3,html,2a3196e7,JonathanChau145,2026-04-03,15:15:10,-07:00,2026-04-03T15:15:10-07:00,0,4
contact/index.html,4,html,2a3196e7,JonathanChau145,2026-04-03,15:15:10,-07:00,2026-04-03T15:15:10-07:00,2,20
contact/index.html,5,html,2a3196e7,JonathanChau145,2026-04-03,15:15:10,-07:00,2026-04-03T15:15:10-07:00,2,68
contact/index.html,6,html,2a3196e7,JonathanChau145,2026-04-03,15:15:10,-07:00,2026-04-03T15:15:10-07:00,2,20
contact/index.html,7,html,e5866b4b,JonathanChau145,2026-04-10,14:21:42,-07:00,2026-04-10T14:21:42-07:00,2,41
contact/index.html,8,html,4ea5ebdb,JonathanChau145,2026-04-17,16:06:06,-07:00,2026-04-17T16:06:06-07:00,2,48
contact/index.html,9,html,2a3196e7,JonathanChau145,2026-04-03,15:15:10,-07:00,2026-04-03T15:15:10-07:00,0,5
contact/index.html,10,html,4658ce15,JonathanChau145,2026-04-03,15:46:32,-07:00,2026-04-03T15:46:32-07:00,0,0
contact/index.html,11,html,2a3196e7,JonathanChau145,2026-04-03,15:15:10,-07:00,2026-04-03T15:15:10-07:00,0,4
contact/index.html,12,html,4658ce15,JonathanChau145,2026-04-03,15:46:32,-07:00,2026-04-03T15:46:32-07:00,0,0
contact/index.html,13,html,4658ce15,JonathanChau145,2026-04-03,15:46:32,-07:00,2026-04-03T15:46:32-07:00,2,26
contact/index.html,14,html,4658ce15,JonathanChau145,2026-04-03,15:46:32,-07:00,2026-04-03T15:46:32-07:00,0,0
contact/index.html,15,html,4ea5ebdb,JonathanChau145,2026-04-17,16:06:06,-07:00,2026-04-17T16:06:06-07:00,2,49
contact/index.html,16,html,4658ce15,JonathanChau145,2026-04-03,15:46:32,-07:00,2026-04-03T15:46:32-07:00,4,5
contact/index.html,17,html,4658ce15,JonathanChau145,2026-04-03,15:46:32,-07:00,2026-04-03T15:46:32-07:00,6,6
contact/index.html,18,html,4658ce15,JonathanChau145,2026-04-03,15:46:32,-07:00,2026-04-03T15:46:32-07:00,6,20
contact/index.html,19,html,4658ce15,JonathanChau145,2026-04-03,15:46:32,-07:00,2026-04-03T15:46:32-07:00,4,6
contact/index.html,20,html,4ea5ebdb,JonathanChau145,2026-04-17,16:06:06,-07:00,2026-04-17T16:06:06-07:00,0,0
contact/index.html,21,html,4658ce15,JonathanChau145,2026-04-03,15:46:32,-07:00,2026-04-03T15:46:32-07:00,4,5
contact/index.html,22,html,4658ce15,JonathanChau145,2026-04-03,15:46:32,-07:00,2026-04-03T15:46:32-07:00,6,6
contact/index.html,23,html,4658ce15,JonathanChau145,2026-04-03,15:46:32,-07:00,2026-04-03T15:46:32-07:00,6,31
contact/index.html,24,html,4658ce15,JonathanChau145,2026-04-03,15:46:32,-07:00,2026-04-03T15:46:32-07:00,4,6
contact/index.html,25,html,4ea5ebdb,JonathanChau145,2026-04-17,16:06:06,-07:00,2026-04-17T16:06:06-07:00,0,0
contact/index.html,26,html,4658ce15,JonathanChau145,2026-04-03,15:46:32,-07:00,2026-04-03T15:46:32-07:00,4,21
contact/index.html,27,html,4658ce15,JonathanChau145,2026-04-03,15:46:32,-07:00,2026-04-03T15:46:32-07:00,2,5
contact/index.html,28,html,2a3196e7,JonathanChau145,2026-04-03,15:15:10,-07:00,2026-04-03T15:15:10-07:00,0,5
contact/index.html,29,html,2a3196e7,JonathanChau145,2026-04-03,15:15:10,-07:00,2026-04-03T15:15:10-07:00,0,5
